cohort	strategy	contrast	gene	recovered	log2FC	padj
14-sample	ORIG	gBMF_vs_Ctrl	HCG11	TRUE	9.484366179102437	1.0749347609784382e-4
14-sample	ORIG	gBMF_vs_Ctrl	HCP5	TRUE	9.070384731219452	7.088981118228524e-7
14-sample	ORIG	gBMF_vs_Ctrl	SNHG32	TRUE	9.65352893374371	8.914603416306888e-5
14-sample	ORIG	gBMF_vs_Ctrl	PSMB8-AS1	TRUE	11.425124918385432	9.758311490550816e-6
14-sample	ORIG	gBMF_vs_Ctrl	FAM30A	TRUE	5.463914227000436	0.0011737904563460413
14-sample	ORIG	gBMF_vs_Ctrl	MIR22HG	TRUE	9.912570134844255	4.152603707757973e-4
14-sample	ORIG	gBMF_vs_Ctrl	ATP1A1-AS1	TRUE	2.3353463887864825	0.024726432101670658
14-sample	ORIG	gBMF_vs_Ctrl	USP3-AS1	TRUE	2.5968010301421707	0.0018169655694082224
14-sample	ORIG	gBMF_vs_Ctrl	TAGAP-AS1	TRUE	4.362839076876739	2.642531763654428e-4
14-sample	ORIG	gBMF_vs_Ctrl	LINC01036	TRUE	3.2497187872984554	0.0011171635552702165
14-sample	ORIG	gBMF_vs_Ctrl	MALAT1	TRUE	-6.5620075190489935	1.2353801525247466e-5
14-sample	ORIG	uBMF_vs_Ctrl	HCG11	TRUE	8.788961259001365	1.7652841256909856e-4
14-sample	ORIG	uBMF_vs_Ctrl	HCP5	TRUE	8.725604228025468	2.3601323190387794e-7
14-sample	ORIG	uBMF_vs_Ctrl	SNHG32	TRUE	9.254541895704186	7.320663704284366e-5
14-sample	ORIG	uBMF_vs_Ctrl	PSMB8-AS1	TRUE	10.618198350037547	1.4440780014362083e-5
14-sample	ORIG	uBMF_vs_Ctrl	FAM30A	TRUE	5.066940638132804	0.0010380454572519067
14-sample	ORIG	uBMF_vs_Ctrl	MIR22HG	TRUE	10.107598810218098	9.281748553306849e-5
14-sample	ORIG	uBMF_vs_Ctrl	ATP1A1-AS1	TRUE	2.180651640313413	0.024640376487545013
14-sample	ORIG	uBMF_vs_Ctrl	USP3-AS1	TRUE	2.2414101978224195	0.003876129024457313
14-sample	ORIG	uBMF_vs_Ctrl	TAGAP-AS1	TRUE	3.49824749056243	0.0017677940523700894
14-sample	ORIG	uBMF_vs_Ctrl	LINC01036	TRUE	2.777428290714438	0.0027670464468639465
14-sample	ORIG	uBMF_vs_Ctrl	MALAT1	TRUE	-4.10690398190138	0.004427397299650051
14-sample	ORIG	gBMF_vs_uBMF	HCG11	FALSE	NA	NA
14-sample	ORIG	gBMF_vs_uBMF	HCP5	FALSE	NA	NA
14-sample	ORIG	gBMF_vs_uBMF	SNHG32	FALSE	NA	NA
14-sample	ORIG	gBMF_vs_uBMF	PSMB8-AS1	FALSE	NA	NA
14-sample	ORIG	gBMF_vs_uBMF	FAM30A	FALSE	NA	NA
14-sample	ORIG	gBMF_vs_uBMF	MIR22HG	FALSE	NA	NA
14-sample	ORIG	gBMF_vs_uBMF	ATP1A1-AS1	FALSE	NA	NA
14-sample	ORIG	gBMF_vs_uBMF	USP3-AS1	FALSE	NA	NA
14-sample	ORIG	gBMF_vs_uBMF	TAGAP-AS1	FALSE	NA	NA
14-sample	ORIG	gBMF_vs_uBMF	LINC01036	FALSE	NA	NA
14-sample	ORIG	gBMF_vs_uBMF	MALAT1	FALSE	NA	NA
14-sample	STRICT	gBMF_vs_Ctrl	HCG11	FALSE	NA	NA
14-sample	STRICT	gBMF_vs_Ctrl	HCP5	FALSE	NA	NA
14-sample	STRICT	gBMF_vs_Ctrl	SNHG32	FALSE	NA	NA
14-sample	STRICT	gBMF_vs_Ctrl	PSMB8-AS1	FALSE	NA	NA
14-sample	STRICT	gBMF_vs_Ctrl	FAM30A	FALSE	NA	NA
14-sample	STRICT	gBMF_vs_Ctrl	MIR22HG	FALSE	NA	NA
14-sample	STRICT	gBMF_vs_Ctrl	ATP1A1-AS1	TRUE	2.37879634944962	0.016332554917413866
14-sample	STRICT	gBMF_vs_Ctrl	USP3-AS1	TRUE	2.6428541465754067	0.001013044575101143
14-sample	STRICT	gBMF_vs_Ctrl	TAGAP-AS1	TRUE	4.411051438152214	1.951566840540488e-4
14-sample	STRICT	gBMF_vs_Ctrl	LINC01036	TRUE	3.2982028997825066	5.460107723215051e-4
14-sample	STRICT	gBMF_vs_Ctrl	MALAT1	TRUE	-6.514899709473086	4.301393517474689e-5
14-sample	STRICT	uBMF_vs_Ctrl	HCG11	FALSE	NA	NA
14-sample	STRICT	uBMF_vs_Ctrl	HCP5	FALSE	NA	NA
14-sample	STRICT	uBMF_vs_Ctrl	SNHG32	FALSE	NA	NA
14-sample	STRICT	uBMF_vs_Ctrl	PSMB8-AS1	FALSE	NA	NA
14-sample	STRICT	uBMF_vs_Ctrl	FAM30A	FALSE	NA	NA
14-sample	STRICT	uBMF_vs_Ctrl	MIR22HG	FALSE	NA	NA
14-sample	STRICT	uBMF_vs_Ctrl	ATP1A1-AS1	TRUE	2.2068753801117413	0.03185492902033082
14-sample	STRICT	uBMF_vs_Ctrl	USP3-AS1	TRUE	2.27117880235711	0.003474120000793819
14-sample	STRICT	uBMF_vs_Ctrl	TAGAP-AS1	TRUE	3.5247034810196265	0.0023108190353621602
14-sample	STRICT	uBMF_vs_Ctrl	LINC01036	TRUE	2.7979325180064842	0.002442418506431344
14-sample	STRICT	uBMF_vs_Ctrl	MALAT1	TRUE	-4.088266319592315	0.015667967184168515
14-sample	STRICT	gBMF_vs_uBMF	HCG11	FALSE	NA	NA
14-sample	STRICT	gBMF_vs_uBMF	HCP5	FALSE	NA	NA
14-sample	STRICT	gBMF_vs_uBMF	SNHG32	FALSE	NA	NA
14-sample	STRICT	gBMF_vs_uBMF	PSMB8-AS1	FALSE	NA	NA
14-sample	STRICT	gBMF_vs_uBMF	FAM30A	FALSE	NA	NA
14-sample	STRICT	gBMF_vs_uBMF	MIR22HG	FALSE	NA	NA
14-sample	STRICT	gBMF_vs_uBMF	ATP1A1-AS1	FALSE	NA	NA
14-sample	STRICT	gBMF_vs_uBMF	USP3-AS1	FALSE	NA	NA
14-sample	STRICT	gBMF_vs_uBMF	TAGAP-AS1	FALSE	NA	NA
14-sample	STRICT	gBMF_vs_uBMF	LINC01036	FALSE	NA	NA
14-sample	STRICT	gBMF_vs_uBMF	MALAT1	FALSE	NA	NA
14-sample	R1	gBMF_vs_Ctrl	HCG11	TRUE	9.491024393471221	1.1879707445042654e-4
14-sample	R1	gBMF_vs_Ctrl	HCP5	TRUE	9.076108379918683	7.075459747094646e-7
14-sample	R1	gBMF_vs_Ctrl	SNHG32	TRUE	9.654464875535242	9.688750533185225e-5
14-sample	R1	gBMF_vs_Ctrl	PSMB8-AS1	TRUE	11.430294050076398	1.0902732480871535e-5
14-sample	R1	gBMF_vs_Ctrl	FAM30A	TRUE	5.468967017713021	0.001127880584087834
14-sample	R1	gBMF_vs_Ctrl	MIR22HG	TRUE	9.91826603270938	3.5658498299258746e-4
14-sample	R1	gBMF_vs_Ctrl	ATP1A1-AS1	TRUE	2.3405857873748697	0.019399639572469603
14-sample	R1	gBMF_vs_Ctrl	USP3-AS1	TRUE	2.6021452409350783	0.0010848286236053834
14-sample	R1	gBMF_vs_Ctrl	TAGAP-AS1	TRUE	4.368353222440197	2.1191440223229367e-4
14-sample	R1	gBMF_vs_Ctrl	LINC01036	TRUE	3.2549054642933957	7.756712547517991e-4
14-sample	R1	gBMF_vs_Ctrl	MALAT1	TRUE	-6.55651030984044	1.075243240495239e-5
14-sample	R1	uBMF_vs_Ctrl	HCG11	TRUE	8.79631280382238	1.9378673608735013e-4
14-sample	R1	uBMF_vs_Ctrl	HCP5	TRUE	8.731567883916076	2.514352601083682e-7
14-sample	R1	uBMF_vs_Ctrl	SNHG32	TRUE	9.256443505362016	8.160259094608686e-5
14-sample	R1	uBMF_vs_Ctrl	PSMB8-AS1	TRUE	10.624598722320872	1.6632046815871447e-5
14-sample	R1	uBMF_vs_Ctrl	FAM30A	TRUE	5.070730353746863	0.0010423151554818557
14-sample	R1	uBMF_vs_Ctrl	MIR22HG	TRUE	10.114540578053477	8.182145385923417e-5
14-sample	R1	uBMF_vs_Ctrl	ATP1A1-AS1	TRUE	2.185599412181606	0.02055862639107829
14-sample	R1	uBMF_vs_Ctrl	USP3-AS1	TRUE	2.246304648918155	0.002446845043916443
14-sample	R1	uBMF_vs_Ctrl	TAGAP-AS1	TRUE	3.5047215985914764	0.001476136727598623
14-sample	R1	uBMF_vs_Ctrl	LINC01036	TRUE	2.784157012896382	0.0019591792764955987
14-sample	R1	uBMF_vs_Ctrl	MALAT1	TRUE	-4.1052788124969375	0.003926073787917271
14-sample	R1	gBMF_vs_uBMF	HCG11	FALSE	NA	NA
14-sample	R1	gBMF_vs_uBMF	HCP5	FALSE	NA	NA
14-sample	R1	gBMF_vs_uBMF	SNHG32	FALSE	NA	NA
14-sample	R1	gBMF_vs_uBMF	PSMB8-AS1	FALSE	NA	NA
14-sample	R1	gBMF_vs_uBMF	FAM30A	FALSE	NA	NA
14-sample	R1	gBMF_vs_uBMF	MIR22HG	FALSE	NA	NA
14-sample	R1	gBMF_vs_uBMF	ATP1A1-AS1	FALSE	NA	NA
14-sample	R1	gBMF_vs_uBMF	USP3-AS1	FALSE	NA	NA
14-sample	R1	gBMF_vs_uBMF	TAGAP-AS1	FALSE	NA	NA
14-sample	R1	gBMF_vs_uBMF	LINC01036	FALSE	NA	NA
14-sample	R1	gBMF_vs_uBMF	MALAT1	FALSE	NA	NA
14-sample	R2	gBMF_vs_Ctrl	HCG11	TRUE	9.49236554477088	1.1896597510238157e-4
14-sample	R2	gBMF_vs_Ctrl	HCP5	TRUE	9.077313375404408	6.996490544398311e-7
14-sample	R2	gBMF_vs_Ctrl	SNHG32	TRUE	9.654902674944328	9.682947507424835e-5
14-sample	R2	gBMF_vs_Ctrl	PSMB8-AS1	TRUE	11.43160481974219	1.0981187667992192e-5
14-sample	R2	gBMF_vs_Ctrl	FAM30A	TRUE	5.46979897849571	0.0011196978553472626
14-sample	R2	gBMF_vs_Ctrl	MIR22HG	TRUE	9.918973302961458	3.461613881487464e-4
14-sample	R2	gBMF_vs_Ctrl	ATP1A1-AS1	TRUE	2.341600399430782	0.0188853597082255
14-sample	R2	gBMF_vs_Ctrl	USP3-AS1	TRUE	2.6032333025187424	0.0010492786996965124
14-sample	R2	gBMF_vs_Ctrl	TAGAP-AS1	TRUE	4.369708289674349	2.0930736742348733e-4
14-sample	R2	gBMF_vs_Ctrl	LINC01036	TRUE	3.2559489643106345	7.523425931075398e-4
14-sample	R2	gBMF_vs_Ctrl	MALAT1	TRUE	-6.555379384659681	1.0655569859158905e-5
14-sample	R2	uBMF_vs_Ctrl	HCG11	TRUE	8.796729052439566	1.9451974428969816e-4
14-sample	R2	uBMF_vs_Ctrl	HCP5	TRUE	8.732115182047249	2.558789476851212e-7
14-sample	R2	uBMF_vs_Ctrl	SNHG32	TRUE	9.256133256406123	8.228213819049813e-5
14-sample	R2	uBMF_vs_Ctrl	PSMB8-AS1	TRUE	10.624933737860243	1.666909022358157e-5
14-sample	R2	uBMF_vs_Ctrl	FAM30A	TRUE	5.071174788092785	0.0010360955440321738
14-sample	R2	uBMF_vs_Ctrl	MIR22HG	TRUE	10.114683731946933	8.02108419855927e-5
14-sample	R2	uBMF_vs_Ctrl	ATP1A1-AS1	TRUE	2.185868801425902	0.020057158036267893
14-sample	R2	uBMF_vs_Ctrl	USP3-AS1	TRUE	2.2465875921734035	0.002367804583444427
14-sample	R2	uBMF_vs_Ctrl	TAGAP-AS1	TRUE	3.5049743285684443	0.0014469337053888106
14-sample	R2	uBMF_vs_Ctrl	LINC01036	TRUE	2.7843447631410094	0.0019035958915368583
14-sample	R2	uBMF_vs_Ctrl	MALAT1	TRUE	-4.105222866066985	0.003862227088841749
14-sample	R2	gBMF_vs_uBMF	HCG11	FALSE	NA	NA
14-sample	R2	gBMF_vs_uBMF	HCP5	FALSE	NA	NA
14-sample	R2	gBMF_vs_uBMF	SNHG32	FALSE	NA	NA
14-sample	R2	gBMF_vs_uBMF	PSMB8-AS1	FALSE	NA	NA
14-sample	R2	gBMF_vs_uBMF	FAM30A	FALSE	NA	NA
14-sample	R2	gBMF_vs_uBMF	MIR22HG	FALSE	NA	NA
14-sample	R2	gBMF_vs_uBMF	ATP1A1-AS1	FALSE	NA	NA
14-sample	R2	gBMF_vs_uBMF	USP3-AS1	FALSE	NA	NA
14-sample	R2	gBMF_vs_uBMF	TAGAP-AS1	FALSE	NA	NA
14-sample	R2	gBMF_vs_uBMF	LINC01036	FALSE	NA	NA
14-sample	R2	gBMF_vs_uBMF	MALAT1	FALSE	NA	NA
14-sample	R3	gBMF_vs_Ctrl	HCG11	TRUE	9.485245182731754	1.3865383849078565e-4
14-sample	R3	gBMF_vs_Ctrl	HCP5	TRUE	9.071503134304306	1.1821421431809906e-6
14-sample	R3	gBMF_vs_Ctrl	SNHG32	TRUE	9.649611180486087	1.1926926187138551e-4
14-sample	R3	gBMF_vs_Ctrl	PSMB8-AS1	TRUE	11.425116458934824	1.2431623339595931e-5
14-sample	R3	gBMF_vs_Ctrl	FAM30A	TRUE	5.463473460569432	0.0015718398900352937
14-sample	R3	gBMF_vs_Ctrl	MIR22HG	TRUE	9.889374385261963	5.49457532000133e-5
14-sample	R3	gBMF_vs_Ctrl	ATP1A1-AS1	TRUE	2.3353874218298496	0.02855582768423075
14-sample	R3	gBMF_vs_Ctrl	USP3-AS1	TRUE	2.5968094724601207	0.0023242381071710548
14-sample	R3	gBMF_vs_Ctrl	TAGAP-AS1	TRUE	4.362855853249658	3.7453318492684757e-4
14-sample	R3	gBMF_vs_Ctrl	LINC01036	TRUE	3.2496781331421025	0.0015203742867440193
14-sample	R3	gBMF_vs_Ctrl	MALAT1	TRUE	-6.5620063123363535	1.831071185061117e-5
14-sample	R3	uBMF_vs_Ctrl	HCG11	TRUE	8.78983406234668	2.7108443836281875e-4
14-sample	R3	uBMF_vs_Ctrl	HCP5	TRUE	8.726720344158466	4.543411808700824e-7
14-sample	R3	uBMF_vs_Ctrl	SNHG32	TRUE	9.250615738708408	1.1726255294967837e-4
14-sample	R3	uBMF_vs_Ctrl	PSMB8-AS1	TRUE	10.6181853969913	2.1366446145160903e-5
14-sample	R3	uBMF_vs_Ctrl	FAM30A	TRUE	5.066492285003028	0.0016512408967917728
14-sample	R3	uBMF_vs_Ctrl	MIR22HG	TRUE	10.08442041577009	1.1619135104428686e-5
14-sample	R3	uBMF_vs_Ctrl	ATP1A1-AS1	TRUE	2.1806887330513542	0.03409353821832319
14-sample	R3	uBMF_vs_Ctrl	USP3-AS1	TRUE	2.241409299527187	0.005749580666338632
14-sample	R3	uBMF_vs_Ctrl	TAGAP-AS1	TRUE	3.4982567454912052	0.0027529716070648896
14-sample	R3	uBMF_vs_Ctrl	LINC01036	TRUE	2.777391633967962	0.0042770266785680045
14-sample	R3	uBMF_vs_Ctrl	MALAT1	TRUE	-4.106902287905603	0.006926897325789773
14-sample	R3	gBMF_vs_uBMF	HCG11	FALSE	NA	NA
14-sample	R3	gBMF_vs_uBMF	HCP5	FALSE	NA	NA
14-sample	R3	gBMF_vs_uBMF	SNHG32	FALSE	NA	NA
14-sample	R3	gBMF_vs_uBMF	PSMB8-AS1	FALSE	NA	NA
14-sample	R3	gBMF_vs_uBMF	FAM30A	FALSE	NA	NA
14-sample	R3	gBMF_vs_uBMF	MIR22HG	FALSE	NA	NA
14-sample	R3	gBMF_vs_uBMF	ATP1A1-AS1	FALSE	NA	NA
14-sample	R3	gBMF_vs_uBMF	USP3-AS1	FALSE	NA	NA
14-sample	R3	gBMF_vs_uBMF	TAGAP-AS1	FALSE	NA	NA
14-sample	R3	gBMF_vs_uBMF	LINC01036	FALSE	NA	NA
14-sample	R3	gBMF_vs_uBMF	MALAT1	FALSE	NA	NA
17-sample	ORIG	gBMF_vs_Ctrl	HCG11	TRUE	9.489399172620429	1.1329634110583162e-4
17-sample	ORIG	gBMF_vs_Ctrl	HCP5	TRUE	9.076511836166485	1.681318349645912e-6
17-sample	ORIG	gBMF_vs_Ctrl	SNHG32	TRUE	9.633046698206497	5.188521471223911e-4
17-sample	ORIG	gBMF_vs_Ctrl	PSMB8-AS1	TRUE	11.430240791682897	1.8390139186529985e-4
17-sample	ORIG	gBMF_vs_Ctrl	FAM30A	TRUE	5.480356071169594	4.5671323011743116e-4
17-sample	ORIG	gBMF_vs_Ctrl	MIR22HG	TRUE	9.924555253451121	7.338063421854004e-4
17-sample	ORIG	gBMF_vs_Ctrl	ATP1A1-AS1	TRUE	2.3411727229131643	0.015969136218361758
17-sample	ORIG	gBMF_vs_Ctrl	USP3-AS1	TRUE	2.6037331774897603	8.129265651437372e-4
17-sample	ORIG	gBMF_vs_Ctrl	TAGAP-AS1	TRUE	4.368250856926399	1.0460909576841222e-4
17-sample	ORIG	gBMF_vs_Ctrl	LINC01036	TRUE	3.2591503638898254	0.0022287097131921813
17-sample	ORIG	gBMF_vs_Ctrl	MALAT1	TRUE	-6.555246742623981	0.0013362975423988283
17-sample	ORIG	uBMF_vs_Ctrl	HCG11	TRUE	8.79116947220912	1.7225231259609903e-4
17-sample	ORIG	uBMF_vs_Ctrl	HCP5	TRUE	8.725648148577406	5.372577739546909e-7
17-sample	ORIG	uBMF_vs_Ctrl	SNHG32	TRUE	9.229419778675313	4.04157845452645e-4
17-sample	ORIG	uBMF_vs_Ctrl	PSMB8-AS1	TRUE	10.620646236397388	2.1590831883079586e-4
17-sample	ORIG	uBMF_vs_Ctrl	FAM30A	TRUE	5.070900164696743	3.7917738601186615e-4
17-sample	ORIG	uBMF_vs_Ctrl	MIR22HG	TRUE	10.116618284948489	1.915471685619324e-4
17-sample	ORIG	uBMF_vs_Ctrl	ATP1A1-AS1	TRUE	2.1807918673018896	0.014519943827905842
17-sample	ORIG	uBMF_vs_Ctrl	USP3-AS1	TRUE	2.242297499758547	0.0017715621158357743
17-sample	ORIG	uBMF_vs_Ctrl	TAGAP-AS1	TRUE	3.5014411736131943	7.439881675096984e-4
17-sample	ORIG	uBMF_vs_Ctrl	LINC01036	TRUE	2.786867513821779	0.004779214095936804
17-sample	ORIG	uBMF_vs_Ctrl	MALAT1	FALSE	NA	NA
17-sample	ORIG	gBMF_vs_uBMF	HCG11	FALSE	NA	NA
17-sample	ORIG	gBMF_vs_uBMF	HCP5	FALSE	NA	NA
17-sample	ORIG	gBMF_vs_uBMF	SNHG32	FALSE	NA	NA
17-sample	ORIG	gBMF_vs_uBMF	PSMB8-AS1	FALSE	NA	NA
17-sample	ORIG	gBMF_vs_uBMF	FAM30A	FALSE	NA	NA
17-sample	ORIG	gBMF_vs_uBMF	MIR22HG	FALSE	NA	NA
17-sample	ORIG	gBMF_vs_uBMF	ATP1A1-AS1	FALSE	NA	NA
17-sample	ORIG	gBMF_vs_uBMF	USP3-AS1	FALSE	NA	NA
17-sample	ORIG	gBMF_vs_uBMF	TAGAP-AS1	FALSE	NA	NA
17-sample	ORIG	gBMF_vs_uBMF	LINC01036	FALSE	NA	NA
17-sample	ORIG	gBMF_vs_uBMF	MALAT1	FALSE	NA	NA
17-sample	STRICT	gBMF_vs_Ctrl	HCG11	FALSE	NA	NA
17-sample	STRICT	gBMF_vs_Ctrl	HCP5	FALSE	NA	NA
17-sample	STRICT	gBMF_vs_Ctrl	SNHG32	FALSE	NA	NA
17-sample	STRICT	gBMF_vs_Ctrl	PSMB8-AS1	FALSE	NA	NA
17-sample	STRICT	gBMF_vs_Ctrl	FAM30A	FALSE	NA	NA
17-sample	STRICT	gBMF_vs_Ctrl	MIR22HG	FALSE	NA	NA
17-sample	STRICT	gBMF_vs_Ctrl	ATP1A1-AS1	TRUE	2.3736574235115895	0.013738125762641022
17-sample	STRICT	gBMF_vs_Ctrl	USP3-AS1	TRUE	2.6382065888667343	5.822636847867034e-4
17-sample	STRICT	gBMF_vs_Ctrl	TAGAP-AS1	TRUE	4.4039987516149735	6.784809581864319e-5
17-sample	STRICT	gBMF_vs_Ctrl	LINC01036	TRUE	3.2950322606503475	0.0021376455511822653
17-sample	STRICT	gBMF_vs_Ctrl	MALAT1	TRUE	-6.5197658414540705	2.624380497022476e-8
17-sample	STRICT	uBMF_vs_Ctrl	HCG11	FALSE	NA	NA
17-sample	STRICT	uBMF_vs_Ctrl	HCP5	FALSE	NA	NA
17-sample	STRICT	uBMF_vs_Ctrl	SNHG32	FALSE	NA	NA
17-sample	STRICT	uBMF_vs_Ctrl	PSMB8-AS1	FALSE	NA	NA
17-sample	STRICT	uBMF_vs_Ctrl	FAM30A	FALSE	NA	NA
17-sample	STRICT	uBMF_vs_Ctrl	MIR22HG	FALSE	NA	NA
17-sample	STRICT	uBMF_vs_Ctrl	ATP1A1-AS1	TRUE	2.196653746974587	0.02333079834910992
17-sample	STRICT	uBMF_vs_Ctrl	USP3-AS1	TRUE	2.2608673598656157	0.0021159638329566006
17-sample	STRICT	uBMF_vs_Ctrl	TAGAP-AS1	TRUE	3.5132554531940827	0.001184957891355838
17-sample	STRICT	uBMF_vs_Ctrl	LINC01036	TRUE	2.7954131370822983	0.007290181971551899
17-sample	STRICT	uBMF_vs_Ctrl	MALAT1	TRUE	-4.972519693409125	6.5153694111046895e-6
17-sample	STRICT	gBMF_vs_uBMF	HCG11	FALSE	NA	NA
17-sample	STRICT	gBMF_vs_uBMF	HCP5	FALSE	NA	NA
17-sample	STRICT	gBMF_vs_uBMF	SNHG32	FALSE	NA	NA
17-sample	STRICT	gBMF_vs_uBMF	PSMB8-AS1	FALSE	NA	NA
17-sample	STRICT	gBMF_vs_uBMF	FAM30A	FALSE	NA	NA
17-sample	STRICT	gBMF_vs_uBMF	MIR22HG	FALSE	NA	NA
17-sample	STRICT	gBMF_vs_uBMF	ATP1A1-AS1	FALSE	NA	NA
17-sample	STRICT	gBMF_vs_uBMF	USP3-AS1	FALSE	NA	NA
17-sample	STRICT	gBMF_vs_uBMF	TAGAP-AS1	FALSE	NA	NA
17-sample	STRICT	gBMF_vs_uBMF	LINC01036	FALSE	NA	NA
17-sample	STRICT	gBMF_vs_uBMF	MALAT1	FALSE	NA	NA
17-sample	R1	gBMF_vs_Ctrl	HCG11	TRUE	9.49284747819711	1.3381152061327592e-4
17-sample	R1	gBMF_vs_Ctrl	HCP5	TRUE	9.079185944490845	2.0543179520961656e-6
17-sample	R1	gBMF_vs_Ctrl	SNHG32	TRUE	9.662487717037566	8.983405807101414e-5
17-sample	R1	gBMF_vs_Ctrl	PSMB8-AS1	TRUE	11.431762100454039	1.4243142309971845e-4
17-sample	R1	gBMF_vs_Ctrl	FAM30A	TRUE	5.481275492025614	4.6225934907996103e-4
17-sample	R1	gBMF_vs_Ctrl	MIR22HG	TRUE	9.926361513919158	5.924663153876258e-4
17-sample	R1	gBMF_vs_Ctrl	ATP1A1-AS1	TRUE	2.342699439446476	0.011211523619049252
17-sample	R1	gBMF_vs_Ctrl	USP3-AS1	TRUE	2.6053854376323664	4.2327016232614266e-4
17-sample	R1	gBMF_vs_Ctrl	TAGAP-AS1	TRUE	4.369944990231896	7.92778314555875e-5
17-sample	R1	gBMF_vs_Ctrl	LINC01036	TRUE	3.260829801618883	0.0016062654390600955
17-sample	R1	gBMF_vs_Ctrl	MALAT1	TRUE	-6.5535801161011396	0.0010688810130341552
17-sample	R1	uBMF_vs_Ctrl	HCG11	TRUE	8.794771781242613	2.1103808603969962e-4
17-sample	R1	uBMF_vs_Ctrl	HCP5	TRUE	8.728026833242119	7.427773189272513e-7
17-sample	R1	uBMF_vs_Ctrl	SNHG32	TRUE	9.25900594368537	7.66057093485513e-5
17-sample	R1	uBMF_vs_Ctrl	PSMB8-AS1	TRUE	10.622427768213484	1.8072911315253795e-4
17-sample	R1	uBMF_vs_Ctrl	FAM30A	TRUE	5.07102804013195	4.1656972139883893e-4
17-sample	R1	uBMF_vs_Ctrl	MIR22HG	TRUE	10.118722751907848	1.5827145847927254e-4
17-sample	R1	uBMF_vs_Ctrl	ATP1A1-AS1	TRUE	2.1819328736324413	0.011205970841783066
17-sample	R1	uBMF_vs_Ctrl	USP3-AS1	TRUE	2.243468436911475	0.001026207122114584
17-sample	R1	uBMF_vs_Ctrl	TAGAP-AS1	TRUE	3.503309813452583	6.281520442038761e-4
17-sample	R1	uBMF_vs_Ctrl	LINC01036	TRUE	2.7892618944866188	0.003784755503369027
17-sample	R1	uBMF_vs_Ctrl	MALAT1	FALSE	NA	NA
17-sample	R1	gBMF_vs_uBMF	HCG11	FALSE	NA	NA
17-sample	R1	gBMF_vs_uBMF	HCP5	FALSE	NA	NA
17-sample	R1	gBMF_vs_uBMF	SNHG32	FALSE	NA	NA
17-sample	R1	gBMF_vs_uBMF	PSMB8-AS1	FALSE	NA	NA
17-sample	R1	gBMF_vs_uBMF	FAM30A	FALSE	NA	NA
17-sample	R1	gBMF_vs_uBMF	MIR22HG	FALSE	NA	NA
17-sample	R1	gBMF_vs_uBMF	ATP1A1-AS1	FALSE	NA	NA
17-sample	R1	gBMF_vs_uBMF	USP3-AS1	FALSE	NA	NA
17-sample	R1	gBMF_vs_uBMF	TAGAP-AS1	FALSE	NA	NA
17-sample	R1	gBMF_vs_uBMF	LINC01036	FALSE	NA	NA
17-sample	R1	gBMF_vs_uBMF	MALAT1	FALSE	NA	NA
17-sample	R2	gBMF_vs_Ctrl	HCG11	TRUE	9.493503593198637	1.364780774662819e-4
17-sample	R2	gBMF_vs_Ctrl	HCP5	TRUE	9.07973488484722	2.078525757838123e-6
17-sample	R2	gBMF_vs_Ctrl	SNHG32	TRUE	9.662928040826953	9.095523665041095e-5
17-sample	R2	gBMF_vs_Ctrl	PSMB8-AS1	TRUE	11.432522084496052	1.4410836760499015e-4
17-sample	R2	gBMF_vs_Ctrl	FAM30A	TRUE	5.481870673399194	4.6809587305218444e-4
17-sample	R2	gBMF_vs_Ctrl	MIR22HG	TRUE	9.926468487718179	6.010594444743711e-4
17-sample	R2	gBMF_vs_Ctrl	ATP1A1-AS1	TRUE	2.3431994061792714	0.011289047479110012
17-sample	R2	gBMF_vs_Ctrl	USP3-AS1	TRUE	2.605913419092915	4.2803255409208895e-4
17-sample	R2	gBMF_vs_Ctrl	TAGAP-AS1	TRUE	4.370640659168836	7.97956857214064e-5
17-sample	R2	gBMF_vs_Ctrl	LINC01036	TRUE	3.2613910357117555	0.001612438181154138
17-sample	R2	gBMF_vs_Ctrl	MALAT1	TRUE	-6.553034746033153	0.0010841936488952082
17-sample	R2	uBMF_vs_Ctrl	HCG11	TRUE	8.795141339836608	2.1482911650809184e-4
17-sample	R2	uBMF_vs_Ctrl	HCP5	TRUE	8.728368613207076	7.52057168519495e-7
17-sample	R2	uBMF_vs_Ctrl	SNHG32	TRUE	9.259318069102797	7.772225950843424e-5
17-sample	R2	uBMF_vs_Ctrl	PSMB8-AS1	TRUE	10.622757694887317	1.823323655426352e-4
17-sample	R2	uBMF_vs_Ctrl	FAM30A	TRUE	5.0717078576346255	4.2263108014529234e-4
17-sample	R2	uBMF_vs_Ctrl	MIR22HG	TRUE	10.118901164362416	1.60097778257588e-4
17-sample	R2	uBMF_vs_Ctrl	ATP1A1-AS1	TRUE	2.1822839579797892	0.011303971486410557
17-sample	R2	uBMF_vs_Ctrl	USP3-AS1	TRUE	2.243825494132726	0.001038387043809898
17-sample	R2	uBMF_vs_Ctrl	TAGAP-AS1	TRUE	3.503610879733698	6.358119172593961e-4
17-sample	R2	uBMF_vs_Ctrl	LINC01036	TRUE	2.7894692204958025	0.003809952602220947
17-sample	R2	uBMF_vs_Ctrl	MALAT1	FALSE	NA	NA
17-sample	R2	gBMF_vs_uBMF	HCG11	FALSE	NA	NA
17-sample	R2	gBMF_vs_uBMF	HCP5	FALSE	NA	NA
17-sample	R2	gBMF_vs_uBMF	SNHG32	FALSE	NA	NA
17-sample	R2	gBMF_vs_uBMF	PSMB8-AS1	FALSE	NA	NA
17-sample	R2	gBMF_vs_uBMF	FAM30A	FALSE	NA	NA
17-sample	R2	gBMF_vs_uBMF	MIR22HG	FALSE	NA	NA
17-sample	R2	gBMF_vs_uBMF	ATP1A1-AS1	FALSE	NA	NA
17-sample	R2	gBMF_vs_uBMF	USP3-AS1	FALSE	NA	NA
17-sample	R2	gBMF_vs_uBMF	TAGAP-AS1	FALSE	NA	NA
17-sample	R2	gBMF_vs_uBMF	LINC01036	FALSE	NA	NA
17-sample	R2	gBMF_vs_uBMF	MALAT1	FALSE	NA	NA
17-sample	R3	gBMF_vs_Ctrl	HCG11	TRUE	9.491280022662739	1.7075420184291265e-4
17-sample	R3	gBMF_vs_Ctrl	HCP5	TRUE	9.078299871098071	3.3954596247444954e-6
17-sample	R3	gBMF_vs_Ctrl	SNHG32	TRUE	9.659953254678978	1.2113002190121144e-4
17-sample	R3	gBMF_vs_Ctrl	PSMB8-AS1	TRUE	11.430308713805328	1.5920111422108136e-5
17-sample	R3	gBMF_vs_Ctrl	FAM30A	TRUE	5.479598647601366	6.915916778429292e-4
17-sample	R3	gBMF_vs_Ctrl	MIR22HG	TRUE	9.924555253451121	7.511711142769663e-4
17-sample	R3	gBMF_vs_Ctrl	ATP1A1-AS1	TRUE	2.3411994363380004	0.017195741202219478
17-sample	R3	gBMF_vs_Ctrl	USP3-AS1	TRUE	2.603733714842169	8.485984547525673e-4
17-sample	R3	gBMF_vs_Ctrl	TAGAP-AS1	TRUE	4.3682741000078975	1.4506686912857188e-4
17-sample	R3	gBMF_vs_Ctrl	LINC01036	TRUE	3.2591156941111996	0.002823396905522538
17-sample	R3	gBMF_vs_Ctrl	MALAT1	TRUE	-6.555257623446593	3.663708512649371e-4
17-sample	R3	uBMF_vs_Ctrl	HCG11	TRUE	8.793038464942114	2.5552510219553544e-4
17-sample	R3	uBMF_vs_Ctrl	HCP5	TRUE	8.727432690614263	1.1777633477048696e-6
17-sample	R3	uBMF_vs_Ctrl	SNHG32	TRUE	9.25637142368334	9.708786889665932e-5
17-sample	R3	uBMF_vs_Ctrl	PSMB8-AS1	TRUE	10.620740398100741	2.444922265633581e-5
17-sample	R3	uBMF_vs_Ctrl	FAM30A	TRUE	5.070128489686272	5.934065093049301e-4
17-sample	R3	uBMF_vs_Ctrl	MIR22HG	TRUE	10.116618284948489	1.8791215565696544e-4
17-sample	R3	uBMF_vs_Ctrl	ATP1A1-AS1	TRUE	2.1808160796400555	0.016036654424783154
17-sample	R3	uBMF_vs_Ctrl	USP3-AS1	TRUE	2.2422975207905353	0.0018645970636552108
17-sample	R3	uBMF_vs_Ctrl	TAGAP-AS1	TRUE	3.5014553729291045	0.0010322817908261504
17-sample	R3	uBMF_vs_Ctrl	LINC01036	TRUE	2.7868367985942335	0.006042108954563489
17-sample	R3	uBMF_vs_Ctrl	MALAT1	FALSE	NA	NA
17-sample	R3	gBMF_vs_uBMF	HCG11	FALSE	NA	NA
17-sample	R3	gBMF_vs_uBMF	HCP5	FALSE	NA	NA
17-sample	R3	gBMF_vs_uBMF	SNHG32	FALSE	NA	NA
17-sample	R3	gBMF_vs_uBMF	PSMB8-AS1	FALSE	NA	NA
17-sample	R3	gBMF_vs_uBMF	FAM30A	FALSE	NA	NA
17-sample	R3	gBMF_vs_uBMF	MIR22HG	FALSE	NA	NA
17-sample	R3	gBMF_vs_uBMF	ATP1A1-AS1	FALSE	NA	NA
17-sample	R3	gBMF_vs_uBMF	USP3-AS1	FALSE	NA	NA
17-sample	R3	gBMF_vs_uBMF	TAGAP-AS1	FALSE	NA	NA
17-sample	R3	gBMF_vs_uBMF	LINC01036	FALSE	NA	NA
17-sample	R3	gBMF_vs_uBMF	MALAT1	FALSE	NA	NA
